Date,Time,Username,IP Address
Jan,anonymous,220.195.35.40
Jan,passwd,220.195.35.40
Jan,chuck,220.195.35.40
Jan,darkman,220.195.35.40
Jan,hostmaster,220.195.35.40
Jan,jeffrey,220.195.35.40
Jan,loverd,220.195.35.40
Jan,eric,220.195.35.40
Jan,lauren,220.195.35.40
Jan,mark,220.195.35.40
Jan,sin,220.195.35.40
Jan,richer,220.195.35.40
Jan,fluffy,220.195.35.40
Jan,gold,220.195.35.40
Jan,cosinus,220.195.35.40
Jan,httpd,220.195.35.40
Jan,squirrelmail,220.195.35.40
Jan,trash,220.195.35.40
Jan,kent,220.195.35.40
Jan,ace,220.195.35.40
Jan,backup,220.195.35.40
Jan,fish,220.195.35.40
Jan,java,220.195.35.40
Jan,master,220.195.35.40
Jan,oracle,220.195.35.40
Jan,seongjin,220.195.35.40
Jan,sun,220.195.35.40
Jan,susan,220.195.35.40
Jan,temp,220.195.35.40
Jan,town,220.195.35.40
Jan,lady,220.195.35.40
Jan,water,220.195.35.40
Jan,webrun,220.195.35.40
Jan,callhome,220.195.35.40
Jan,foobar,220.195.35.40
Jan,ircd,220.195.35.40
Jan,jeni,220.195.35.40
Jan,nick,220.195.35.40
Jan,webster,220.195.35.40
Jan,staff,220.195.35.40
Jan,saito,220.195.35.40
Jan,support,220.195.35.40
Jan,x,220.195.35.40
Jan,bula,220.195.35.40
Jan,felix,220.195.35.40
Jan,lead,220.195.35.40
Jan,romeo,220.195.35.40
Jan,sarolta,220.195.35.40
Jan,zemba,220.195.35.40
Jan,amar,220.195.35.40
Jan,jubar,220.195.35.40
Jan,mckey,220.195.35.40
Jan,notorius,220.195.35.40
Jan,avenues,220.195.35.40
Jan,sanderson,220.195.35.40
Jan,courier,220.195.35.40
Jan,duane,220.195.35.40
Jan,erin,220.195.35.40
Jan,exim,220.195.35.40
Jan,greg,220.195.35.40
Jan,rodney,220.195.35.40
Jan,ryan,220.195.35.40
Jan,testguy,220.195.35.40
Jan,whitecanyon,220.195.35.40
Jan,fabrice,220.195.35.40
Jan,sauv,220.195.35.40
Jan,eddie,220.195.35.40
Jan,folkert,220.195.35.40
Jan,beleaua,220.195.35.40
Jan,public,220.195.35.40
Jan,sebestyen,220.195.35.40
Jan,tordai,220.195.35.40
Jan,filter,220.195.35.40
Jan,lady,220.195.35.40
Jan,andrew,220.195.35.40
Jan,doomi,220.195.35.40
Jan,guma,220.195.35.40
Jan,ina,220.195.35.40
Jan,skid,220.195.35.40
Jan,spik,220.195.35.40
Jan,yarul,220.195.35.40
Jan,zako,220.195.35.40
Jan,adv,220.195.35.40
Jan,alias,220.195.35.40
Jan,annuaire,220.195.35.40
Jan,awstats,220.195.35.40
Jan,cs,220.195.35.40
Jan,emuleon,220.195.35.40
Jan,Melk,220.195.35.40
Jan,palex,220.195.35.40
Jan,quake,220.195.35.40
Jan,save,220.195.35.40
Jan,styx,220.195.35.40
Jan,toto,220.195.35.40
Jan,tuningar,220.195.35.40
Jan,Ionutz,220.195.35.40
Jan,abc,220.195.35.40
Jan,adela,220.195.35.40
Jan,adrian,220.195.35.40
Jan,alexandru,220.195.35.40
Jan,anca,220.195.35.40
Jan,antica,220.195.35.40
Jan,cncp,220.195.35.40
Jan,contabil,220.195.35.40
Jan,contempo,220.195.35.40
Jan,crisan,220.195.35.40
Jan,cristi,220.195.35.40
Jan,cristina,220.195.35.40
Jan,dana,220.195.35.40
Jan,david,220.195.35.40
Jan,dnp,220.195.35.40
Jan,doina,220.195.35.40
Jan,dorina,220.195.35.40
Jan,ernest,220.195.35.40
Jan,florin,220.195.35.40
Jan,fotograf,220.195.35.40
Jan,haitac,220.195.35.40
Jan,ionita,220.195.35.40
Jan,ionut,220.195.35.40
Jan,ionutz,220.195.35.40
Jan,jurca,220.195.35.40
Jan,lucia,220.195.35.40
Jan,maria,220.195.35.40
Jan,medie,220.195.35.40
Jan,moderna,220.195.35.40
Jan,moised,220.195.35.40
Jan,numis,220.195.35.40
Jan,oprea,220.195.35.40
Jan,paul,220.195.35.40
Jan,preist,220.195.35.40
Jan,radu,220.195.35.40
Jan,rodica,220.195.35.40
Jan,samba,220.195.35.40
Jan,sanda,220.195.35.40
Jan,secretar,220.195.35.40
Jan,simina,220.195.35.40
Jan,sorin,220.195.35.40
Jan,sport,220.195.35.40
Jan,personal,220.195.35.40
Jan,taz,220.195.35.40
Jan,teo,220.195.35.40
Jan,tina,220.195.35.40
Jan,webmasters,220.195.35.40
Jan,adi,220.195.35.40
Jan,alex,220.195.35.40
Jan,alina,220.195.35.40
Jan,anca,220.195.35.40
Jan,ancutza,220.195.35.40
Jan,arthur,220.195.35.40
Jan,aurelia,220.195.35.40
Jan,bogdan,220.195.35.40
Jan,bremar,220.195.35.40
Jan,calin,220.195.35.40
Jan,cdvonline,220.195.35.40
Jan,cerasela,220.195.35.40
Jan,chimi,220.195.35.40
Jan,cimpeanu,220.195.35.40
Jan,ciprian,220.195.35.40
Jan,claudia,220.195.35.40
Jan,claudiu,220.195.35.40
Jan,corbus,220.195.35.40
Jan,cris,220.195.35.40
Jan,dan,220.195.35.40
Jan,dana,220.195.35.40
Jan,daniel,220.195.35.40
Jan,daniela,220.195.35.40
Jan,danutza,220.195.35.40
Jan,eugen,220.195.35.40
Jan,gratiela,220.195.35.40
Jan,horia,220.195.35.40
Jan,iuli,220.195.35.40
Jan,iulian,220.195.35.40
Jan,iuly,220.195.35.40
Jan,klaus,220.195.35.40
Jan,laura,220.195.35.40
Jan,leu,220.195.35.40
Jan,liana,220.195.35.40
Jan,lili,220.195.35.40
Jan,lorant,220.195.35.40
Jan,loredana,220.195.35.40
Jan,lady,220.195.35.40
Jan,lucky,220.195.35.40
Jan,mari,220.195.35.40
Jan,marius,220.195.35.40
Jan,mia,220.195.35.40
Jan,mihai,220.195.35.40
Jan,monika,220.195.35.40
Jan,monique,220.195.35.40
Jan,nelu,220.195.35.40
Jan,nico,220.195.35.40
Jan,nicu,220.195.35.40
Jan,norby,220.195.35.40
Jan,ovidiu,220.195.35.40
Jan,miha,220.195.35.40
Jan,promo,220.195.35.40
Jan,radu,220.195.35.40
Jan,raducu,220.195.35.40
Jan,raul,220.195.35.40
Jan,robert,220.195.35.40
Jan,roxi,220.195.35.40
Jan,sasha,220.195.35.40
Jan,seba,220.195.35.40
Jan,shadow,220.195.35.40
Jan,stefan,220.195.35.40
Jan,toor,220.195.35.40
Jan,trigger,220.195.35.40
Jan,vasi,220.195.35.40
Jan,victor,220.195.35.40
Jan,webadmin,220.195.35.40
Jan,axente,220.195.35.40
Jan,dascalu,220.195.35.40
Jan,personal,220.195.35.40
Jan,dispecer,220.195.35.40
Jan,dorin,220.195.35.40
Jan,mada,220.195.35.40
Jan,medina,220.195.35.40
Jan,nicoara,220.195.35.40
Jan,slayer,220.195.35.40
Jan,telegest,220.195.35.40
Jan,wolf,220.195.35.40
Jan,lady,220.195.35.40
Jan,atb,220.195.35.40
Jan,claudius,220.195.35.40
Jan,officeinn,220.195.35.40
Jan,sly,220.195.35.40
Jan,xman,220.195.35.40
Jan,tehnolog,220.195.35.40
Jan,ambulator,220.195.35.40
Jan,calcul,220.195.35.40
Jan,contat,220.195.35.40
Jan,diabet,220.195.35.40
Jan,drweb,220.195.35.40
Jan,echopedi,220.195.35.40
Jan,eva,220.195.35.40
Jan,farmacia,220.195.35.40
Jan,garda,220.195.35.40
Jan,healer,220.195.35.40
Jan,isabel,220.195.35.40
Jan,juridic,220.195.35.40
Jan,nucleara,220.195.35.40
Jan,razvan,220.195.35.40
Jan,revista,220.195.35.40
Jan,statistica,220.195.35.40
Jan,bootcamp,220.195.35.40
Jan,alan,220.195.35.40
Jan,cisco,220.195.35.40
Jan,dave,220.195.35.40
Jan,gis,220.195.35.40
Jan,jeff,220.195.35.40
Jan,john,220.195.35.40
Jan,kevin,220.195.35.40
Jan,larry,220.195.35.40
Jan,smiley,220.195.35.40
Jan,software,220.195.35.40
Jan,steve,220.195.35.40
Jan,virgil,220.195.35.40
Jan,walt,220.195.35.40
Jan,ajiro,220.195.35.40
Jan,arasawa,220.195.35.40
Jan,asai,220.195.35.40
Jan,ayase,220.195.35.40
Jan,coupon,220.195.35.40
Jan,daikanyama,220.195.35.40
Jan,ebata,220.195.35.40
Jan,hayatsu,220.195.35.40
Jan,inada,220.195.35.40
Jan,isamu,220.195.35.40
Jan,kido,220.195.35.40
Jan,kimura,220.195.35.40
Jan,kitamura,220.195.35.40
Jan,kuroiwa,220.195.35.40
Jan,maeno,220.195.35.40
Jan,nishi,220.195.35.40
Jan,nishiyama,220.195.35.40
Jan,oshima,220.195.35.40
Jan,present,220.195.35.40
Jan,press,220.195.35.40
Jan,rapi,220.195.35.40
Jan,recruit,220.195.35.40
Jan,sakai,220.195.35.40
Jan,sasaki,220.195.35.40
Jan,shimada,220.195.35.40
Jan,shopsupport,220.195.35.40
Jan,suga,220.195.35.40
Jan,suge,220.195.35.40
Jan,takahashi,220.195.35.40
Jan,usui,220.195.35.40
Jan,yamaguchi,220.195.35.40
Jan,yasuda,220.195.35.40
Jan,yokoyama,220.195.35.40
Jan,yoshinari,220.195.35.40
Jan,client,220.195.35.40
Jan,cvs,220.195.35.40
Jan,graham,220.195.35.40
Jan,ianh,220.195.35.40
Jan,jill,220.195.35.40
Jan,lisa,220.195.35.40
Jan,phoebe,220.195.35.40
Jan,boxer,220.195.35.40
Jan,intraweb,220.195.35.40
Jan,aldo,220.195.35.40
Jan,aleon,220.195.35.40
Jan,almacen,220.195.35.40
Jan,areyes,220.195.35.40
Jan,aolivari,220.195.35.40
Jan,central,220.195.35.40
Jan,dante,220.195.35.40
Jan,eladio,220.195.35.40
Jan,etambra,220.195.35.40
Jan,evara,220.195.35.40
Jan,gruiz,220.195.35.40
Jan,josed,220.195.35.40
Jan,kop,220.195.35.40
Jan,lady,220.195.35.40
Jan,mabad,220.195.35.40
Jan,osilvera,220.195.35.40
Jan,patriciar,220.195.35.40
Jan,porteria,220.195.35.40
